﻿<hibernate-configuration xmlns="urn:nhibernate-configuration-2.2">
  <session-factory>
    <property name="dialect">NHibernate.Dialect.MsSql2005Dialect</property>
    <property name="connection.provider">NHibernate.Connection.DriverConnectionProvider</property>
    <property name="connection.connection_string">Server=.; database=TecManilab;user=sa;password=1844; Trusted_connection=false</property>
    <property name="max_fetch_depth">2</property>
    <property name="prepare_sql">false</property>
    <mapping assembly="manilab.Server"/>
  </session-factory>
</hibernate-configuration>
